[
  {
    "type": "TEXT",
    "name": "Title Hero",
    "fontSize": {
      "type": "VARIABLE_ALIAS",
      "id": "VariableID:66:10189"
    },
    "fontFamily": {
      "type": "VARIABLE_ALIAS",
      "id": "VariableID:66:10188"
    },
    "fontWeight": {
      "type": "VARIABLE_ALIAS",
      "id": "VariableID:66:10190"
    },
    "fontStyle": "normal"
  },
  {
    "type": "TEXT",
    "name": "Title Page",
    "fontSize": {
      "type": "VARIABLE_ALIAS",
      "id": "VariableID:66:10197"
    },
    "fontFamily": {
      "type": "VARIABLE_ALIAS",
      "id": "VariableID:58:8569"
    },
    "fontWeight": {
      "type": "VARIABLE_ALIAS",
      "id": "VariableID:58:8572"
    },
    "fontStyle": "normal"
  },
  {
    "type": "TEXT",
    "name": "Subtitle",
    "fontSize": {
      "type": "VARIABLE_ALIAS",
      "id": "VariableID:66:10177"
    },
    "fontFamily": {
      "type": "VARIABLE_ALIAS",
      "id": "VariableID:66:10176"
    },
    "fontWeight": {
      "type": "VARIABLE_ALIAS",
      "id": "VariableID:66:10178"
    },
    "fontStyle": "normal"
  },
  {
    "type": "TEXT",
    "name": "Heading",
    "fontSize": {
      "type": "VARIABLE_ALIAS",
      "id": "VariableID:66:10186"
    },
    "fontFamily": {
      "type": "VARIABLE_ALIAS",
      "id": "VariableID:66:10185"
    },
    "fontWeight": {
      "type": "VARIABLE_ALIAS",
      "id": "VariableID:66:10187"
    },
    "fontStyle": "normal"
  },
  {
    "type": "TEXT",
    "name": "Subheading",
    "fontSize": {
      "type": "VARIABLE_ALIAS",
      "id": "VariableID:2103:22308"
    },
    "fontFamily": {
      "type": "VARIABLE_ALIAS",
      "id": "VariableID:2103:22306"
    },
    "fontWeight": {
      "type": "VARIABLE_ALIAS",
      "id": "VariableID:2103:22310"
    },
    "fontStyle": "normal"
  },
  {
    "type": "TEXT",
    "name": "Body Base",
    "fontSize": {
      "type": "VARIABLE_ALIAS",
      "id": "VariableID:66:10180"
    },
    "fontFamily": {
      "type": "VARIABLE_ALIAS",
      "id": "VariableID:66:10179"
    },
    "fontWeight": {
      "type": "VARIABLE_ALIAS",
      "id": "VariableID:66:10181"
    },
    "fontStyle": "normal"
  },
  {
    "type": "TEXT",
    "name": "Body Strong",
    "fontSize": {
      "type": "VARIABLE_ALIAS",
      "id": "VariableID:66:10180"
    },
    "fontFamily": {
      "type": "VARIABLE_ALIAS",
      "id": "VariableID:66:10179"
    },
    "fontWeight": {
      "type": "VARIABLE_ALIAS",
      "id": "VariableID:66:14844"
    },
    "fontStyle": "normal"
  },
  {
    "type": "TEXT",
    "name": "Body Emphasis",
    "fontSize": {
      "type": "VARIABLE_ALIAS",
      "id": "VariableID:66:10180"
    },
    "fontFamily": {
      "type": "VARIABLE_ALIAS",
      "id": "VariableID:66:10179"
    },
    "fontStyle": {
      "type": "VARIABLE_ALIAS",
      "id": "VariableID:66:14846"
    }
  },
  {
    "type": "TEXT",
    "name": "Body Link",
    "fontSize": {
      "type": "VARIABLE_ALIAS",
      "id": "VariableID:66:10180"
    },
    "fontFamily": {
      "type": "VARIABLE_ALIAS",
      "id": "VariableID:66:10179"
    },
    "fontWeight": {
      "type": "VARIABLE_ALIAS",
      "id": "VariableID:66:10181"
    },
    "fontStyle": "normal"
  },
  {
    "type": "TEXT",
    "name": "Body Small",
    "fontSize": {
      "type": "VARIABLE_ALIAS",
      "id": "VariableID:66:10216"
    },
    "fontFamily": {
      "type": "VARIABLE_ALIAS",
      "id": "VariableID:66:10179"
    },
    "fontWeight": {
      "type": "VARIABLE_ALIAS",
      "id": "VariableID:66:10181"
    },
    "fontStyle": "normal"
  },
  {
    "type": "TEXT",
    "name": "Body Small Strong",
    "fontSize": {
      "type": "VARIABLE_ALIAS",
      "id": "VariableID:66:10216"
    },
    "fontFamily": {
      "type": "VARIABLE_ALIAS",
      "id": "VariableID:66:10179"
    },
    "fontWeight": {
      "type": "VARIABLE_ALIAS",
      "id": "VariableID:66:14844"
    },
    "fontStyle": "normal"
  },
  {
    "type": "TEXT",
    "name": "Single Line/Body Base",
    "fontSize": {
      "type": "VARIABLE_ALIAS",
      "id": "VariableID:66:10180"
    },
    "fontFamily": {
      "type": "VARIABLE_ALIAS",
      "id": "VariableID:66:10179"
    },
    "fontWeight": {
      "type": "VARIABLE_ALIAS",
      "id": "VariableID:66:10181"
    },
    "fontStyle": "normal"
  },
  {
    "type": "TEXT",
    "name": "Body Code",
    "fontSize": {
      "type": "VARIABLE_ALIAS",
      "id": "VariableID:66:10183"
    },
    "fontFamily": {
      "type": "VARIABLE_ALIAS",
      "id": "VariableID:66:10182"
    },
    "fontWeight": {
      "type": "VARIABLE_ALIAS",
      "id": "VariableID:66:10184"
    },
    "fontStyle": "normal"
  },
  {
    "type": "TEXT",
    "name": "Single Line/Body Small Strong",
    "fontSize": {
      "type": "VARIABLE_ALIAS",
      "id": "VariableID:66:10216"
    },
    "fontFamily": {
      "type": "VARIABLE_ALIAS",
      "id": "VariableID:66:10179"
    },
    "fontWeight": {
      "type": "VARIABLE_ALIAS",
      "id": "VariableID:66:14844"
    },
    "fontStyle": "normal"
  },
  {
    "type": "TEXT",
    "name": ".Utilities/Component notes/Regular",
    "fontSize": {
      "type": "VARIABLE_ALIAS",
      "id": "VariableID:9:11196"
    },
    "fontFamily": {
      "type": "VARIABLE_ALIAS",
      "id": "VariableID:9:11201"
    },
    "fontWeight": {
      "type": "VARIABLE_ALIAS",
      "id": "VariableID:9:11183"
    },
    "fontStyle": "normal"
  },
  {
    "type": "TEXT",
    "name": ".Utilities/Component notes/Bold",
    "fontSize": {
      "type": "VARIABLE_ALIAS",
      "id": "VariableID:9:11196"
    },
    "fontFamily": {
      "type": "VARIABLE_ALIAS",
      "id": "VariableID:9:11201"
    },
    "fontWeight": {
      "type": "VARIABLE_ALIAS",
      "id": "VariableID:9:11186"
    },
    "fontStyle": "normal"
  },
  {
    "key": "41bfc984ba768095400f8a022edd454968162c94",
    "name": "Drop Shadow/300",
    "styleType": "EFFECT",
    "remote": false,
    "description": "",
    "type": "EFFECT",
    "effects": [
      {
        "type": "DROP_SHADOW",
        "visible": true,
        "color": {
          "r": 0.0470588244497776,
          "g": 0.0470588244497776,
          "b": 0.05098039284348488,
          "a": 0.05000000074505806
        },
        "blendMode": "NORMAL",
        "offset": {
          "x": 0,
          "y": 4
        },
        "radius": 4,
        "spread": -1,
        "showShadowBehindNode": false,
        "boundVariables": {
          "radius": {
            "type": "VARIABLE_ALIAS",
            "id": "VariableID:9:11282"
          },
          "spread": {
            "type": "VARIABLE_ALIAS",
            "id": "VariableID:9:11287"
          },
          "color": {
            "type": "VARIABLE_ALIAS",
            "id": "VariableID:9:11234"
          },
          "offsetX": {
            "type": "VARIABLE_ALIAS",
            "id": "VariableID:9:11280"
          },
          "offsetY": {
            "type": "VARIABLE_ALIAS",
            "id": "VariableID:9:11282"
          }
        }
      },
      {
        "type": "DROP_SHADOW",
        "visible": true,
        "color": {
          "r": 0.0470588244497776,
          "g": 0.0470588244497776,
          "b": 0.05098039284348488,
          "a": 0.10000000149011612
        },
        "blendMode": "NORMAL",
        "offset": {
          "x": 0,
          "y": 4
        },
        "radius": 4,
        "spread": -1,
        "showShadowBehindNode": false,
        "boundVariables": {
          "radius": {
            "type": "VARIABLE_ALIAS",
            "id": "VariableID:9:11282"
          },
          "spread": {
            "type": "VARIABLE_ALIAS",
            "id": "VariableID:9:11287"
          },
          "color": {
            "type": "VARIABLE_ALIAS",
            "id": "VariableID:9:11235"
          },
          "offsetX": {
            "type": "VARIABLE_ALIAS",
            "id": "VariableID:9:11280"
          },
          "offsetY": {
            "type": "VARIABLE_ALIAS",
            "id": "VariableID:9:11282"
          }
        }
      }
    ]
  },
  {
    "key": "2d01cd4dd5f75236392138f6c1e10e313e217abf",
    "name": "Drop Shadow/200",
    "styleType": "EFFECT",
    "remote": false,
    "description": "",
    "type": "EFFECT",
    "effects": [
      {
        "type": "DROP_SHADOW",
        "visible": true,
        "color": {
          "r": 0.0470588244497776,
          "g": 0.0470588244497776,
          "b": 0.05098039284348488,
          "a": 0.05000000074505806
        },
        "blendMode": "NORMAL",
        "offset": {
          "x": 0,
          "y": 1
        },
        "radius": 4,
        "showShadowBehindNode": false,
        "boundVariables": {
          "radius": {
            "type": "VARIABLE_ALIAS",
            "id": "VariableID:9:11282"
          },
          "spread": {
            "type": "VARIABLE_ALIAS",
            "id": "VariableID:9:11280"
          },
          "color": {
            "type": "VARIABLE_ALIAS",
            "id": "VariableID:9:11234"
          },
          "offsetX": {
            "type": "VARIABLE_ALIAS",
            "id": "VariableID:9:11280"
          },
          "offsetY": {
            "type": "VARIABLE_ALIAS",
            "id": "VariableID:9:11281"
          }
        }
      },
      {
        "type": "DROP_SHADOW",
        "visible": true,
        "color": {
          "r": 0.0470588244497776,
          "g": 0.0470588244497776,
          "b": 0.05098039284348488,
          "a": 0.10000000149011612
        },
        "blendMode": "NORMAL",
        "offset": {
          "x": 0,
          "y": 1
        },
        "radius": 4,
        "showShadowBehindNode": false,
        "boundVariables": {
          "radius": {
            "type": "VARIABLE_ALIAS",
            "id": "VariableID:9:11282"
          },
          "spread": {
            "type": "VARIABLE_ALIAS",
            "id": "VariableID:9:11280"
          },
          "color": {
            "type": "VARIABLE_ALIAS",
            "id": "VariableID:9:11235"
          },
          "offsetX": {
            "type": "VARIABLE_ALIAS",
            "id": "VariableID:9:11280"
          },
          "offsetY": {
            "type": "VARIABLE_ALIAS",
            "id": "VariableID:9:11281"
          }
        }
      }
    ]
  },
  {
    "key": "844cb38efcc62bad149e9f8e82b049aafa7a9f14",
    "name": "Drop Shadow/100",
    "styleType": "EFFECT",
    "remote": false,
    "description": "",
    "type": "EFFECT",
    "effects": [
      {
        "type": "DROP_SHADOW",
        "visible": true,
        "color": {
          "r": 0.0470588244497776,
          "g": 0.0470588244497776,
          "b": 0.05098039284348488,
          "a": 0.05000000074505806
        },
        "blendMode": "NORMAL",
        "offset": {
          "x": 0,
          "y": 1
        },
        "radius": 4,
        "showShadowBehindNode": false,
        "boundVariables": {
          "radius": {
            "type": "VARIABLE_ALIAS",
            "id": "VariableID:9:11282"
          },
          "spread": {
            "type": "VARIABLE_ALIAS",
            "id": "VariableID:9:11280"
          },
          "color": {
            "type": "VARIABLE_ALIAS",
            "id": "VariableID:9:11234"
          },
          "offsetX": {
            "type": "VARIABLE_ALIAS",
            "id": "VariableID:9:11280"
          },
          "offsetY": {
            "type": "VARIABLE_ALIAS",
            "id": "VariableID:9:11281"
          }
        }
      }
    ]
  },
  {
    "key": "22a5720258ee85f4db18164a837c72af9bf36211",
    "name": "Drop Shadow/400",
    "styleType": "EFFECT",
    "remote": false,
    "description": "",
    "type": "EFFECT",
    "effects": [
      {
        "type": "DROP_SHADOW",
        "visible": true,
        "color": {
          "r": 0.0470588244497776,
          "g": 0.0470588244497776,
          "b": 0.05098039284348488,
          "a": 0.05000000074505806
        },
        "blendMode": "NORMAL",
        "offset": {
          "x": 0,
          "y": 4
        },
        "radius": 4,
        "spread": -4,
        "showShadowBehindNode": false,
        "boundVariables": {
          "radius": {
            "type": "VARIABLE_ALIAS",
            "id": "VariableID:9:11282"
          },
          "spread": {
            "type": "VARIABLE_ALIAS",
            "id": "VariableID:9:11288"
          },
          "color": {
            "type": "VARIABLE_ALIAS",
            "id": "VariableID:9:11234"
          },
          "offsetX": {
            "type": "VARIABLE_ALIAS",
            "id": "VariableID:9:11280"
          },
          "offsetY": {
            "type": "VARIABLE_ALIAS",
            "id": "VariableID:9:11282"
          }
        }
      },
      {
        "type": "DROP_SHADOW",
        "visible": true,
        "color": {
          "r": 0.0470588244497776,
          "g": 0.0470588244497776,
          "b": 0.05098039284348488,
          "a": 0.10000000149011612
        },
        "blendMode": "NORMAL",
        "offset": {
          "x": 0,
          "y": 16
        },
        "radius": 32,
        "spread": -4,
        "showShadowBehindNode": false,
        "boundVariables": {
          "radius": {
            "type": "VARIABLE_ALIAS",
            "id": "VariableID:9:11285"
          },
          "spread": {
            "type": "VARIABLE_ALIAS",
            "id": "VariableID:9:11288"
          },
          "color": {
            "type": "VARIABLE_ALIAS",
            "id": "VariableID:9:11235"
          },
          "offsetX": {
            "type": "VARIABLE_ALIAS",
            "id": "VariableID:9:11280"
          },
          "offsetY": {
            "type": "VARIABLE_ALIAS",
            "id": "VariableID:9:11284"
          }
        }
      }
    ]
  },
  {
    "key": "d61d50a6c230a64bafa23f076ca12209d159d3f1",
    "name": "Drop Shadow/500",
    "styleType": "EFFECT",
    "remote": false,
    "description": "",
    "type": "EFFECT",
    "effects": [
      {
        "type": "DROP_SHADOW",
        "visible": true,
        "color": {
          "r": 0.0470588244497776,
          "g": 0.0470588244497776,
          "b": 0.05098039284348488,
          "a": 0.05000000074505806
        },
        "blendMode": "NORMAL",
        "offset": {
          "x": 0,
          "y": 4
        },
        "radius": 4,
        "spread": -4,
        "showShadowBehindNode": false,
        "boundVariables": {
          "radius": {
            "type": "VARIABLE_ALIAS",
            "id": "VariableID:9:11282"
          },
          "spread": {
            "type": "VARIABLE_ALIAS",
            "id": "VariableID:9:11288"
          },
          "color": {
            "type": "VARIABLE_ALIAS",
            "id": "VariableID:9:11234"
          },
          "offsetX": {
            "type": "VARIABLE_ALIAS",
            "id": "VariableID:9:11280"
          },
          "offsetY": {
            "type": "VARIABLE_ALIAS",
            "id": "VariableID:9:11282"
          }
        }
      },
      {
        "type": "DROP_SHADOW",
        "visible": true,
        "color": {
          "r": 0.0470588244497776,
          "g": 0.0470588244497776,
          "b": 0.05098039284348488,
          "a": 0.10000000149011612
        },
        "blendMode": "NORMAL",
        "offset": {
          "x": 0,
          "y": 16
        },
        "radius": 16,
        "spread": -8,
        "showShadowBehindNode": false,
        "boundVariables": {
          "radius": {
            "type": "VARIABLE_ALIAS",
            "id": "VariableID:9:11284"
          },
          "spread": {
            "type": "VARIABLE_ALIAS",
            "id": "VariableID:9:11289"
          },
          "color": {
            "type": "VARIABLE_ALIAS",
            "id": "VariableID:9:11235"
          },
          "offsetX": {
            "type": "VARIABLE_ALIAS",
            "id": "VariableID:9:11280"
          },
          "offsetY": {
            "type": "VARIABLE_ALIAS",
            "id": "VariableID:9:11284"
          }
        }
      }
    ]
  },
  {
    "key": "a3f45659b320637d1041a0719886b10bd4ca4b74",
    "name": "Drop Shadow/600",
    "styleType": "EFFECT",
    "remote": false,
    "description": "",
    "type": "EFFECT",
    "effects": [
      {
        "type": "DROP_SHADOW",
        "visible": true,
        "color": {
          "r": 0.0470588244497776,
          "g": 0.0470588244497776,
          "b": 0.05098039284348488,
          "a": 0.4000000059604645
        },
        "blendMode": "NORMAL",
        "offset": {
          "x": 0,
          "y": 16
        },
        "radius": 32,
        "spread": -8,
        "showShadowBehindNode": false,
        "boundVariables": {
          "radius": {
            "type": "VARIABLE_ALIAS",
            "id": "VariableID:9:11285"
          },
          "spread": {
            "type": "VARIABLE_ALIAS",
            "id": "VariableID:9:11289"
          },
          "color": {
            "type": "VARIABLE_ALIAS",
            "id": "VariableID:9:11237"
          },
          "offsetX": {
            "type": "VARIABLE_ALIAS",
            "id": "VariableID:9:11280"
          },
          "offsetY": {
            "type": "VARIABLE_ALIAS",
            "id": "VariableID:9:11284"
          }
        }
      }
    ]
  },
  {
    "key": "a3a68a1e5d26ac05d0691dbc3a1524483a6fe547",
    "name": "Inner Shadow/100",
    "styleType": "EFFECT",
    "remote": false,
    "description": "",
    "type": "EFFECT",
    "effects": [
      {
        "type": "INNER_SHADOW",
        "visible": true,
        "color": {
          "r": 0.0470588244497776,
          "g": 0.0470588244497776,
          "b": 0.05098039284348488,
          "a": 0.05000000074505806
        },
        "blendMode": "NORMAL",
        "offset": {
          "x": 0,
          "y": 1
        },
        "radius": 4,
        "boundVariables": {
          "radius": {
            "type": "VARIABLE_ALIAS",
            "id": "VariableID:228:6769"
          },
          "spread": {
            "type": "VARIABLE_ALIAS",
            "id": "VariableID:9:11280"
          },
          "color": {
            "type": "VARIABLE_ALIAS",
            "id": "VariableID:9:11234"
          },
          "offsetX": {
            "type": "VARIABLE_ALIAS",
            "id": "VariableID:9:11280"
          },
          "offsetY": {
            "type": "VARIABLE_ALIAS",
            "id": "VariableID:9:11281"
          }
        }
      }
    ]
  },
  {
    "key": "412d66d8d6316d332a7543a60600bf2ef9bd2dfb",
    "name": "Inner Shadow/200",
    "styleType": "EFFECT",
    "remote": false,
    "description": "",
    "type": "EFFECT",
    "effects": [
      {
        "type": "INNER_SHADOW",
        "visible": true,
        "color": {
          "r": 0.0470588244497776,
          "g": 0.0470588244497776,
          "b": 0.05098039284348488,
          "a": 0.05000000074505806
        },
        "blendMode": "NORMAL",
        "offset": {
          "x": 0,
          "y": 1
        },
        "radius": 4,
        "boundVariables": {
          "radius": {
            "type": "VARIABLE_ALIAS",
            "id": "VariableID:9:11282"
          },
          "spread": {
            "type": "VARIABLE_ALIAS",
            "id": "VariableID:9:11280"
          },
          "color": {
            "type": "VARIABLE_ALIAS",
            "id": "VariableID:9:11234"
          },
          "offsetX": {
            "type": "VARIABLE_ALIAS",
            "id": "VariableID:9:11280"
          },
          "offsetY": {
            "type": "VARIABLE_ALIAS",
            "id": "VariableID:9:11281"
          }
        }
      }
    ]
  },
  {
    "key": "7d9c37ac4f1b795a0d5e046de7add2212537c502",
    "name": "Inner Shadow/300",
    "styleType": "EFFECT",
    "remote": false,
    "description": "",
    "type": "EFFECT",
    "effects": [
      {
        "type": "INNER_SHADOW",
        "visible": true,
        "color": {
          "r": 0.0470588244497776,
          "g": 0.0470588244497776,
          "b": 0.05098039284348488,
          "a": 0.05000000074505806
        },
        "blendMode": "NORMAL",
        "offset": {
          "x": 0,
          "y": 4
        },
        "radius": 4,
        "spread": -1,
        "boundVariables": {
          "radius": {
            "type": "VARIABLE_ALIAS",
            "id": "VariableID:9:11282"
          },
          "spread": {
            "type": "VARIABLE_ALIAS",
            "id": "VariableID:9:11287"
          },
          "color": {
            "type": "VARIABLE_ALIAS",
            "id": "VariableID:9:11234"
          },
          "offsetX": {
            "type": "VARIABLE_ALIAS",
            "id": "VariableID:9:11280"
          },
          "offsetY": {
            "type": "VARIABLE_ALIAS",
            "id": "VariableID:9:11282"
          }
        }
      }
    ]
  },
  {
    "key": "af59b9b0607b46632a5e162cde037982ae6875f2",
    "name": "Inner Shadow/400",
    "styleType": "EFFECT",
    "remote": false,
    "description": "",
    "type": "EFFECT",
    "effects": [
      {
        "type": "INNER_SHADOW",
        "visible": true,
        "color": {
          "r": 0.0470588244497776,
          "g": 0.0470588244497776,
          "b": 0.05098039284348488,
          "a": 0.10000000149011612
        },
        "blendMode": "NORMAL",
        "offset": {
          "x": 0,
          "y": 16
        },
        "radius": 32,
        "spread": -4,
        "boundVariables": {
          "radius": {
            "type": "VARIABLE_ALIAS",
            "id": "VariableID:9:11285"
          },
          "spread": {
            "type": "VARIABLE_ALIAS",
            "id": "VariableID:9:11288"
          },
          "color": {
            "type": "VARIABLE_ALIAS",
            "id": "VariableID:9:11235"
          },
          "offsetX": {
            "type": "VARIABLE_ALIAS",
            "id": "VariableID:9:11280"
          },
          "offsetY": {
            "type": "VARIABLE_ALIAS",
            "id": "VariableID:9:11284"
          }
        }
      }
    ]
  },
  {
    "key": "83f59232317bcbb4984fec37cc6f2599fb13cb2d",
    "name": "Inner Shadow/500",
    "styleType": "EFFECT",
    "remote": false,
    "description": "",
    "type": "EFFECT",
    "effects": [
      {
        "type": "INNER_SHADOW",
        "visible": true,
        "color": {
          "r": 0.0470588244497776,
          "g": 0.0470588244497776,
          "b": 0.05098039284348488,
          "a": 0.10000000149011612
        },
        "blendMode": "NORMAL",
        "offset": {
          "x": 0,
          "y": 16
        },
        "radius": 16,
        "spread": -8,
        "boundVariables": {
          "radius": {
            "type": "VARIABLE_ALIAS",
            "id": "VariableID:9:11284"
          },
          "spread": {
            "type": "VARIABLE_ALIAS",
            "id": "VariableID:9:11289"
          },
          "color": {
            "type": "VARIABLE_ALIAS",
            "id": "VariableID:9:11235"
          },
          "offsetX": {
            "type": "VARIABLE_ALIAS",
            "id": "VariableID:9:11280"
          },
          "offsetY": {
            "type": "VARIABLE_ALIAS",
            "id": "VariableID:9:11284"
          }
        }
      }
    ]
  },
  {
    "key": "8e7987f1bc0e54821a58cb5ef97d465c63a0c7de",
    "name": "Inner Shadow/600",
    "styleType": "EFFECT",
    "remote": false,
    "description": "",
    "type": "EFFECT",
    "effects": [
      {
        "type": "INNER_SHADOW",
        "visible": true,
        "color": {
          "r": 0.0470588244497776,
          "g": 0.0470588244497776,
          "b": 0.05098039284348488,
          "a": 0.4000000059604645
        },
        "blendMode": "NORMAL",
        "offset": {
          "x": 0,
          "y": 16
        },
        "radius": 32,
        "spread": -8,
        "boundVariables": {
          "radius": {
            "type": "VARIABLE_ALIAS",
            "id": "VariableID:9:11285"
          },
          "spread": {
            "type": "VARIABLE_ALIAS",
            "id": "VariableID:9:11289"
          },
          "color": {
            "type": "VARIABLE_ALIAS",
            "id": "VariableID:9:11237"
          },
          "offsetX": {
            "type": "VARIABLE_ALIAS",
            "id": "VariableID:9:11280"
          },
          "offsetY": {
            "type": "VARIABLE_ALIAS",
            "id": "VariableID:9:11284"
          }
        }
      }
    ]
  },
  {
    "key": "51341f0de91736132fa1aabef390bda0d403dbce",
    "name": "Blur/Overlay",
    "styleType": "EFFECT",
    "remote": false,
    "description": "",
    "type": "EFFECT",
    "effects": [
      {
        "type": "BACKGROUND_BLUR",
        "visible": true,
        "radius": 4,
        "boundVariables": {
          "radius": {
            "type": "VARIABLE_ALIAS",
            "id": "VariableID:228:6769"
          }
        }
      }
    ]
  },
  {
    "key": "a9e3e977b3a5f3d39c60df9268bcfcf0465fdb96",
    "name": "Blur/Layer",
    "styleType": "EFFECT",
    "remote": false,
    "description": "",
    "type": "EFFECT",
    "effects": [
      {
        "type": "LAYER_BLUR",
        "visible": true,
        "radius": 4,
        "boundVariables": {
          "radius": {
            "type": "VARIABLE_ALIAS",
            "id": "VariableID:228:6769"
          }
        }
      }
    ]
  },
  {
    "key": "c27c483297e637a9136a29b09a92360a84ba293d",
    "name": "Blur/Glass",
    "styleType": "EFFECT",
    "remote": false,
    "description": "",
    "type": "EFFECT",
    "effects": [
      {
        "type": "BACKGROUND_BLUR",
        "visible": true,
        "radius": 4,
        "boundVariables": {
          "radius": {
            "type": "VARIABLE_ALIAS",
            "id": "VariableID:228:6769"
          }
        }
      }
    ]
  },
  {
    "key": "b6cb6cc3526049c20430b096b6ed65c5eba1c246",
    "name": "Image Placeholder",
    "styleType": "FILL",
    "remote": false,
    "description": ""
  }
]